id,chemical_name,status,category,restriction_details,registered_formulations
1,Alachlor,BANNED,,,
2,Aldicarb,BANNED,,,
3,Aldrin,BANNED,,,
4,Benzene Hexachloride,BANNED,,,
5,Benomyl,BANNED,,,
6,Calcium Cyanide,BANNED,,,
7,Carbaryl,BANNED,,,
8,Chlorbenzilate,BANNED,,,
9,Chlordane,BANNED,,,
10,Chlorofenvinphos,BANNED,,,
11,Copper Acetoarsenite,BANNED,,,
12,Diazinon,BANNED,,,
13,Dibromochloropropane,BANNED,,,
14,Dichlorovos,BANNED,,,
15,Dicofol,BANNED,,,
16,Dieldrin,BANNED,,,
17,Dinocap,BANNED,,,
18,Endosulfan,BANNED,,,
19,Endrin,BANNED,,,
20,Ethyl Mercury Chloride,BANNED,,,
21,Ethyl Parathion,BANNED,,,
22,Ethylene Dibromide,BANNED,,,
23,Fenarimol,BANNED,,,
24,Fenthion,BANNED,,,
25,Heptachlor,BANNED,,,
26,Lindane,BANNED,,,
27,Linuron,BANNED,,,
28,Maleic Hydrazide,BANNED,,,
29,Menazon,BANNED,,,
30,Methomyl,BANNED,,,
31,Methoxy Ethyl Mercury Chloride,BANNED,,,
32,Methyl Parathion,BANNED,,,
33,Metoxuron,BANNED,,,
34,Nitrofen,BANNED,,,
35,Paraquat Dimethyl Sulphate,BANNED,,,
36,Pentachloro Nitrobenzene,BANNED,,,
37,Pentachlorophenol,BANNED,,,
38,Phenyl Mercury Acetate,BANNED,,,
39,Phorate,BANNED,,,
40,Phosphamidon,BANNED,,,
41,Sodium Cyanide,BANNED,,,
42,Sodium Methane Arsonate,BANNED,,,
43,Tetradifon,BANNED,,,
44,Thiometon,BANNED,,,
45,Toxaphene,BANNED,,,
46,Triazophos,BANNED,,,
47,Tridemorph,BANNED,,,
48,Trichloro Acetic Acid,BANNED,,,
49,Trichlorfon,BANNED,,,
50,Captafol 80,BANNED,,,
51,Nicotin Sulfate,BANNED,,,
52,Dalapon,BANNED,,,
53,Ferbam,BANNED,,,
54,Formothion,BANNED,,,
55,Nickel Chloride,BANNED,,,
56,Paradichlorobenzene,BANNED,,,
57,Simazine,BANNED,,,
58,Sirmate,BANNED,,,
59,Warfarin,BANNED,,,
60,"2,4, 5-T",REFUSED,,,
61,Ammonium Sulphamate,BANNED,,,
62,Azinphos Ethyl,BANNED,,,
63,Azinphos Methyl,BANNED,,,
64,Binapacryl,BANNED,,,
65,Calcium Arsenate,BANNED,,,
66,Carbophenothion,BANNED,,,
67,Chinomethionate,BANNED,,,
68,Dicrotophos,BANNED,,,
69,Epn,REFUSED,,,
70,Fentin Acetate,BANNED,,,
71,Fentin Hydroxide,BANNED,,,
72,Lead Arsenate,BANNED,,,
73,Leptophos,BANNED,,,
74,Mephosfolan,BANNED,,,
75,Mevinphos,BANNED,,,
76,Thiodemeton,REFUSED,,,
77,Vamidothion,BANNED,,,
78,Aluminium Phosphide,REGISTERED,UNKNOWN,"Pest control operations allowed only by Govt./Govt. undertakings/approved experts, except 15% 12g and 6% tablets. 10- and 20-tablet tube packs banned",Aluminium phosphide 56% Powder | Aluminium phosphide 56% Tab | Aluminium phosphide 6% Tab | Aluminium phosphide 77.5%GR
79,Captafol,BANNED,,Foliar spray banned; permitted only as seed dresser. Manufacture of 80% powder,
80,Carbofuran,BANNED,UNKNOWN,All formulations banned except 3% encapsulated granule,Carbofuran 03% CG
81,Chlorpyrifos,RESTRICTED,,,Chlorpyrifos 01.50% DP | Chlorpyrifos 10% Granules | Chlorpyrifos 20% EC | Chlorpyrifos 50% EC | Chlorpyrifos 19% ME
82,Cypermethrin,BANNED,UNKNOWN,"3% smoke generator restricted to use by Pest Control Operators only, not for general public",Cypermethrin 0.1% Aqueous | Cypermethrin 0.25% DP | Cypermethrin 03% Smoke Generator | Cypermethrin 1% Chalk | Cypermethrin 1% Dust | Cypermethrin 10% EC | Cypermethrin 25% EC | Cypermethrin10% + Indoxacarb 10% SC | Cypermethrin 3% + Quinalphos 20% EC
83,Dazomet,BANNED,UNKNOWN,See CIBRC guidelines for specific crop/use restrictions,
84,Dichloro-Diphenyl-Trichloroethane,RESTRICTED,,"Restricted to 10,000 MT/year for public health use only. BANNED in agriculture. Export allowed under Stockholm Convention",
85,Dimethoate,BANNED,UNKNOWN,,Dimethoate 30% EC | Dimethoate 20% + Cypermethrin 3% EC
86,Fenitrothion,BANNED,UNKNOWN,Banned in agriculture except for locust control and public health,Fenitrothion 2% Spray | Fenitrothion 20% OL | Fenitrothion40% WP
87,Malathion,BANNED,UNKNOWN,,Malathion 02% House Hold Spray | Malathion 05%DP | Malathion 25 %WP | Malathion 50% EC | Malathion 96%ULV
88,Mancozeb,BANNED,UNKNOWN,,Mancozeb 35% SC | Mancozeb 75% WP | Mancozeb 75% WG | Mancozeb 40%+Azoxytrobin 7.0%w/w OS | Mancozeb 68% + Hexaconazole 4% WG | Mancozeb 50%+Thiophanate methyl 25%WG | Mancozeb 60% + Pyraclostrobin 5% w/w WG | Mancozeb 40.0% + Tebuconazole 1.0 % WS | Mancozeb 52.6% + Hexaconazole 2.4 % WG | Mancozeb 64% + Thiophanate Methyl 12% WP | Mancozeb 69.7% + Cyazofamid 5.3 % WG
89,Methyl Bromide,BANNED,UNKNOWN,Restricted for use only by Govt./Govt. undertakings or approved experts,Methyl Bromide 98%w/w
90,Monocrotophos,BANNED,UNKNOWN,,Monocrotophos15% SG
91,Oxyfluorfen,BANNED,UNKNOWN,,Oxyfluorfen 0.35% GR | Oxyfluorfen 20% DF | Oxyfluorfen 23.5% EC | Oxyfluorfen 2.5% + Glyphosate | Oxyfluorfen 20% + Clodinafop propargyl 5% DF
92,Quinalphos,BANNED,UNKNOWN,,Quinalphos 01.50% DP | Quinalphos 5 % Granules | Quinalphos 20 % AF | Quinalphos25 % EC | Quinalphos25 % Gel
93,Trifluralin,BANNED,UNKNOWN,All uses banned except in wheat from August 2018,
94,1-Methyl Cyclopropene,REGISTERED,UNKNOWN,,
95,6-Benzyladenine,REGISTERED,UNKNOWN,,
96,"2,4-D Amine Salt",REGISTERED,UNKNOWN,,"2,4-D Amine Salt 58% SL"
97,"2,4-D- Ethyl Ester",REGISTERED,UNKNOWN,,
98,"2,4-D Sodium Salt",REGISTERED,UNKNOWN,,"2,4-D Sodium Salt 80% min | 2,4-D Sodium Salt 44%+Metribuzin 35%+ Pyrazosulfuron ethyl 1.0%WDG | 2,4-D Sodium salt 48% + Metribuzin 32% + Chlorimuron ethyl 0.85% WDG | 2,4-D sodium salt 50% + Metribuzin 15% WP"
99,Abamectin,REGISTERED,UNKNOWN,,Abamectin 1.9% EC
100,Acephate,REGISTERED,UNKNOWN,"Endocrine disruption; banned in 32 countries including EU, China, Malaysia",Acephate 75% SP | Acephate 95% SG | Acephate 97% DF | Acephate 25%+ Fenvalerate 3% EC | Acephate 45%+ Cypermethrin 5% DF | Acephate 50%+ Bifenthrin 10% WDG | Acephate 50%+ Fiproni l5% WDG | Acephate 50%+ Imidacloprid 1.8% SP | Acephate 50% + Imidacloprid 5% WG
101,Acetamiprid,REGISTERED,UNKNOWN,,Acetamiprid 20% SP | Acetamiprid 0.4%+ Chlorpyriphos 20% EC | Acetamiprid 1.1%+ Cypermethrin 5.5% EC | Acetamiprid 20% + Chlorantraniliprole 20% WG | Acetamiprid 25% + Bifenthrin 25% WG | Acetamiprid 19.5% + Chlorantraniliprole 19.5% FS
102,Acequinocyl,REGISTERED,UNKNOWN,,Acequinocyl 15 % SC
103,Aclonifen,REGISTERED,UNKNOWN,,Aclonifen 36.89 + Diflufenican 6.15% + Pyroxasulfone 4.10% SC
104,Acynonapyr,REGISTERED,UNKNOWN,,
105,Afidopyropen,REGISTERED,UNKNOWN,,Afidopyropen 50 g/LDC | Afidopyropen 50 g/l + Abamectin 25 g/l DC
106,Allethrin,REGISTERED,UNKNOWN,,
107,Alphacypermethrin,REGISTERED,UNKNOWN,,Alphacypermethrin 0.1% RTU | Alphacypermethrin 0.5% Chalk | Alphacypermethrin 0.667% LLIN | Alphacypermethrin 05% WP | Alphacypermethrin10.00% EC | Alphacypermethrin10.00% SC | Alphacypermethrin 75 g/l + Teflubenzuron 75 g/l SC
108,Alphanaphthyl Acetic Acid,REGISTERED,UNKNOWN,,
109,Ametoctradin,REGISTERED,UNKNOWN,,Ametoctradin 27%+Dimethomorph 20.27%SC
110,Ametryn,REGISTERED,UNKNOWN,,Ametryn 80% WG | Ametryn 73.1%+ Trifloxysulfuron Sodium 1.8% WG
111,Amisulbrom,REGISTERED,UNKNOWN,,Amisulbrom 17.7% | Amisulbrom 5.21% + Zoxamide 10.41% SC
112,Ampelomyces Quisqualis,REGISTERED,UNKNOWN,,Ampelomyces quisqualis 2.0% WP | Ampelomyces quisqualis 1.5% AS
113,Anilophos,REGISTERED,UNKNOWN,,
114,Atrazine,REGISTERED,UNKNOWN,"Endocrine disruption, leaching risk; banned in 37 countries including EU, UK",Atrazine 50% WP
115,Aureofungin,REGISTERED,UNKNOWN,,Aureofungin 46.15% SP
116,Azadirachtin,REGISTERED,UNKNOWN,,
117,Azimsulfuron,REGISTERED,UNKNOWN,,Azimsulfuron 50% DF
118,Azoxystrobin,REGISTERED,UNKNOWN,,Azoxystrobin 23% SC | Azoxystrobin 20% + Boscalid 25% SE | Azoxystrobin 11.0%+Tebuconazole18.3%SC | Azoxystrobin 11.5%+Mancozeb 30.0%WP | Azoxystrobin 12.5%+Tebuconazole 12.5%SC | Azoxystrobin 120g/l+Tebuconazole 240g/lSC | Azoxystrobin 14% +Epoxiconazole 09%SC | Azoxystrobin16.7%+Tricyclazole 33.3%SC | Azoxystrobin18.2%+Cyproconazole 7.3%SC | Azoxystrobin18.2%+Difenoconazole 11.4%SC | Azoxystrobin 4.7%+Mancozeb59.7%+Tebuconazole 5.6%WG | Azoxystrobin 4.8%+Chlorothalonil 40.0%SC | Azoxystrobin 5.1%+Tebuconazole9.1 %+ Prochloraz18.2% EC | Azoxystrobin 7.1%+Propiconazole 11.9%SE | Azoxystrobin 8.3% + Mancozeb 66.7% WG | Azoxystrobin 20% + Thifluzamide 15% SC | Azoxystrobin 25% + Boscalid 35% WG | Azoxystrobin 8.3% + Mancozeb 66.7% WG u/s | Azoxystrobin 13.04% + Thiafluzamide 15.66% SC | Azoxystrobin 4.5% + Mancozeb 67.5% + Cyproconazole 3.0% WG | Azoxystrobin 7.5% + Tebuconazole 12% + Isoprothiolane 12% SE | Azoxystrobin 30.5% + Myclobutanil 4.85% SE | Azoxystrobin 18.75% + Tricyclazole 37.5% WG | Azoxystrobin 1.3%+Tebuconazole 0.22%+Thiamethoxam 25.9% FS | Azoxystrobin 2.5%+Thiophanate Methyl 11.25%+Thiamethoxam 25%FS | Azoxystrobin 10% + Fipronil 5% SC
119,Bacillus Sphaericus,REGISTERED,UNKNOWN,,"Bacillus sphaericus 1593M serotype H595b, 1.3% flowable concentrate Potency 13000"
120,Bacillus Subtillus,REGISTERED,UNKNOWN,,
121,Bacillus Thuringiensis Var. Galleriae,REGISTERED,UNKNOWN,,
122,Bacillus Thuringiensis Var. Israelensis,REGISTERED,UNKNOWN,,"Bacillus thuringiensis var. israelensis WP | Bacillus thuringiensis var. israelensis, Serotype H-14 | Bacillus thuringiensis var. israelensis 5.0% AS | Bacillus thuringiensis var. israelensis | Bacillus thuringiensis var. israelensis, Serotype H-14,5% WP Potency 2000 ITU/mg | Bacillus thuringiensis var. israelensis, Strain Designation- ABIL, Accession No | Bacillus thuringiensis var. israelensis 12% AS | Bacillus thuringiensis var. israelensis 05.00% WP"
123,Bacillus Thuringiensis Var. Kurstaki,REGISTERED,UNKNOWN,,"Bacillus thuringiensis var. kurstaki | Bacillus thuringiensis var. kurstaki, serotype H-39,3B, Strain Z-52 | Bacillus thuringiensis var. kurstaki 0.5%WPserotype 3a,3b,3c, Strain DORBt-1, Potency | Bacillus thuringiensis var. kurstaki 0.5%WPserotype 3a,3b,3c, Strain DORBt-1 | Bacillus thuringiensis var. kurstaki 0.5% WP serotype 3a,3b,3c, Strain DORBt-1, Potency | Bacillus thuringiensis var. kurstaki 2.5% AS | Bacillus thuringiensis var. kurstaki 10% WSL | Bacillus thuringiensis var. kurstaki Strain HD-1, serotype 3a,3b,3.5%ES for Import & | Bacillus thuringiensis var. kurstaki Serotype 3a,3b, SAIIWG Potency:- 53000; SU/mg"
124,Barium Carbonate,REGISTERED,UNKNOWN,,Barium Carbonate 1%P
125,Beauveria Bassiana,REGISTERED,UNKNOWN,,"Beauveria bassiana 1.15% WP | Beauveria bassiana 1.15% WP | Beauveria bassiana 1.15% WP | Beauveria bassiana 1.15%WP | Beauveria bassiana 1.15%WP | Beauveria bassiana 1.15%WP | Beauveria bassiana 1.0% WP, Strain No: NBRI–9947 | Beauveria bassiana 1.0% WP | Beauveria bassiana 1.0% WP | Beauveria bassiana 1.5% AS | Beauveria bassiana 5.0% WP | Beauveria bassiana 5.0% SC, Strain: NBAII, Bangalore, Accession No. ITCC- 7102 | Beauveria bassiana5.0% AS Strain: BB-AAU-RJP Accession No. MCC–1024 | Beauveria bassiana 1.15% WP | Beauveria bassiana 10.00% SC | Beauveria bassiana 1.5% Liquid Formulation | Beauveria bassiana1.15%WP"
126,Beflubutamid,REGISTERED,UNKNOWN,,Beflubutamid 2.5% GR
127,Benalaxyl,REGISTERED,UNKNOWN,,Benalaxyl 8.0 %+Mancozeb 65%WP | Benalaxyl-M4.0%+Mancozeb 65.0%WP
128,Benalaxyl M,REGISTERED,UNKNOWN,,
129,Bendiocarb,REGISTERED,UNKNOWN,,
130,Benfuracarb,REGISTERED,UNKNOWN,"Carcinogenic impurities, reprotoxic; banned in 28 countries",Benfuracarb 03% GR | Benfuracarb 40% EC
131,Bensulfuron Methyl,REGISTERED,UNKNOWN,,Bensulfuron Methyl 60% DF | Bensulfuron methyl 0.6%+Pretilachlor 6% Gr | Bensulfuron methyl 4.8% + Pretilachlor 48% OD
132,Bentazone,REGISTERED,UNKNOWN,,Bentazone 480 g/l SL
133,Benzpyrimoxan,REGISTERED,UNKNOWN,,Benzpyrimoxan10% SC | Benzpyrimoxan 10% + Pymetrozine 20% WG | Benzpyrimoxan 15% + Fipronil 10% SC | Benzpyrimoxan 10.0 % + Thiamethoxam 3.3 % SC
134,Beta Cyfluthrin,REGISTERED,UNKNOWN,,
135,Bifenazate,REGISTERED,UNKNOWN,,Bifenazate 22.60% SC | Bifenazate 50 % WP
136,Bifenthrin,REGISTERED,UNKNOWN,,Bifenthrin 0.05% MC | Bifenthrin 02.50% EC | Bifenthrin 08% SC | Bifenthrin 08.80% CS | Bifenthrin 10% EC | Bifenthrin 10% WP | Bifenthrin 2.5% + Acetamiprid 2.1% ME | Bifenthrin 10% + Thiamethoxam 5% SC | Bifenthrin 3% + Chlorpyriphos 30% EC | Bifenthrin 8%+ Clothianidin 10% SC | Bifenthrin 25% + Thiamethoxam 25% WG | Bifenthrin 32 % + Chlorantraniliprole 12% WG
137,Bispyribac Sodium,REGISTERED,UNKNOWN,,"Bispyribac Sodium10% SC | Bispyribac Sodium 0.25% + Penoxsulam 0.25% + Pyrazosulfuron Ethyl 0.20% GR | Bispyribac Sodium 20%+Pyrazosulfuron Ethyl1 5% WDG | Bispyribac sodium 38% + Chlorimuron ethyl 2.5% + Metsulfuron methyl 2.5% WG | Bispyribac sodium 2.00% + 2,4-D sodium salt 54.30% SP | Bispyribac Sodium 7.6 % + Fenoxaprop-p- ethyl 11.4 % w/w WG | Bispyribac sodium 9.5% + Penoxsulam 7.8% SC | Bispyribac sodium 7.6% + Fenoxaprop-p-ethyl 11.4% WG"
138,Bistrifluron,REGISTERED,UNKNOWN,,Bistrifluron 1% Bait
139,Bitertanol,REGISTERED,UNKNOWN,,Bitertanol 25% WP
140,Bixlozone,REGISTERED,UNKNOWN,,Bixlozone 50% + Metribuzin 10% WG
141,Boscalid,REGISTERED,UNKNOWN,,Boscalid25.2+Pyraclostrobin 12.8%WG
142,Brodifacoum,REGISTERED,UNKNOWN,,Brodifacoum 0.005 %w/w BB
143,Broflanilide,REGISTERED,UNKNOWN,,Broflanilide 20% SC | Broflanilide 300 g/l SC
144,Bromadiolone,REGISTERED,UNKNOWN,,Bromadiolone 00.005% RB | Bromadiolone 00.25% CB
145,Buprimate,REGISTERED,UNKNOWN,,Buprimate 26.7% EC
146,Buprofezin,REGISTERED,UNKNOWN,,Buprofezin 25% SC | Buprofezin 70% DF | Buprofezin 20%+ Acephate 50% WP | Buprofezin 20%+ Acetamiprid 2% WP | Buprofezin 22.0%+ Fipronil 3.0% SC | Buprofezin 22.5% + Diafenthiuron 27% w/v SC | Buprofezin 23.1%+ Fipronil 3.85% SC | Buprofezin 9.0%+ Acephate 24.0% WP | Buprofezin 15%+ Acephate 35% WP
147,Butachlor,REGISTERED,UNKNOWN,"Aquatic toxicity, leaching; banned in 31 countries including EU, UK",Butachlor 5% GR | Butachlor 50% EC | Butachlor 50% EW
148,Captan,REGISTERED,UNKNOWN,US-EPA endocrine disruptor; banned in 6 countries,Captan 50% WG | Captan 50% WP | Captan 75% WS | Captan 75% WP | Captan70% + Hexaconazole 5%WP
149,Carbendazim,REGISTERED,UNKNOWN,"Foetotoxic, teratogenic, fungicide resistance risk; banned in 29 countries",Carbendazim 25% DS | Carbendazim 46.27% SC | Carbendazim 5% GR | Carbendazim 50% WP | Carbendazim 1.92% + Mancozeb10.08%GR | Carbendazim12% + Mancozeb 63%WP | Carbendazim12% + Mancozeb 63%WS | Carbendazim 25%+Flusilazole 12.5%SE | Carbendazim 25% + Mancozeb 50%WS | Carbendazim 11.57% + Tebuconazole 11.57% SC
150,Carbosulfan,REGISTERED,UNKNOWN,,Carbosulfan 06% Granules | Carbosulfan 25% DS | Carbosulfan 25% EC
151,Carboxin,REGISTERED,UNKNOWN,,Carboxin 75% WP | Carboxin17.5% +Thiram1 7.5% FF | Carboxin 37.5% +Thiram37.5%WS | Carboxin 22.5% + Thiram 22.5% + Imidacloprid 18% WS
152,Carfentrazone Ethyl,REGISTERED,UNKNOWN,,Carfentrazone ethyl 40% DF | Carfentrazone ethyl 0.43% + Glyphosate 30.82%EW | Carfentrazone ethyl 20% + Sulfosulfuron 25%WG | Carfentrazone ethyl 5% + Clodinafop propargyl 15% DF
153,Carpropamid,REGISTERED,UNKNOWN,,Carpropamid 27.8% SC
154,Cartap Hydrochloride,REGISTERED,UNKNOWN,,Cartap Hydrochloride 04% Granules | Cartap Hydrochloride 50% SP | Cartap Hydrochloride 75% SG | Cartap hydrochloride 25% + Emamectin benzoate 1% SG | Cartap hydrochloride 7.5% + Chlorantraniliprole 0.4% GR
155,Chlorantraniliprole,REGISTERED,UNKNOWN,,Chlorantraniliprole 0.40% GR | Chlorantraniliprole 0.53% w/w GR | Chlorantraniliprole 18.50% SC | Chlorantraniliprole 35% WG | Chlorantraniliprole 47.85% w/w SC | Chlorantraniliprole 50% FS | Chlorantraniliprole 0.35% + Fipronil 0.35% GR | Chlorantraniliprole 0.50% + Thiamethoxam 1% GR | Chlorantraniliprole 0.53% w/w + Fipronil 0.8% w/w GR | Chlorantraniliprole 0.83% + Fipronil 1.33% w/w GR | Chlorantraniliprole 12% + Fipronil 30% w/w WG | Chlorantraniliprole 4.3%+ Abamectin 1.7% SC | Chlorantraniliprole 4.5% + Novaluron 11.5% + Emamectin Benzoate 1.5% SE | Chlorantraniliprole 5.2% + Novaluron 8.5% SC | Chlorantraniliprole 7.5% w/w + Thiamethoxam 7.5% w/w OD | Chlorantraniliprole 8.8% + Thiamethoxam 17.5% SC | Chlorantraniliprole 9.3% + Lambdacyhalothrin 4.6% ZC | Chlorantraniliprole 15% + Emamectin benzoate 7.5% SC | Chlorantraniliprole 0.4% + Fipronil 0.6% GR | Chlorantraniliprole 10% + Novaluron 20% SC | Chlorantraniliprole 0.64% + Tebuconazole 3% + Clothianidin 1.92% GR | Chlorantraniliprole 15.75% + Clothianidin 26.25% SC
156,Chlorfenopyr,REGISTERED,UNKNOWN,,
157,Chlorfluazuron,REGISTERED,UNKNOWN,,Chlorfluazuron 05.40%EC
158,Chlorimuron Ethyl,REGISTERED,UNKNOWN,,Chlorimuron Ethyl 25% WP + Surfactant
159,Chlormequat Chloride,REGISTERED,UNKNOWN,,
160,Chlorothalonil,REGISTERED,UNKNOWN,,Chlorothalonil 75% WP | Chlorothalonil 40% + Difenoconazole 4%w/w SC | Chlorothalonil 12.5% + Mancozeb 62.5% WG | Chlorothalonil 40% + Thiophanate methyl 35% WDG
161,Chlorpropham,REGISTERED,UNKNOWN,,Chlorpropham 300 g/l EC | Chlorpropham 50% HN | Chlorpropham 55.37% w/w
162,Chlorpyriphos,BANNED,UNKNOWN,,Chlorpyriphos 02 %w/w EC | Chlorpyriphos 75 %w/w WG | Chlorpyriphos Methyl 40%EC | Chlorpyriphos 50% + Cypermethrin 5% EC | Chlorpyriphos 50% + Cypermethrin 5% WG
163,Chlorpyriphos Methyl,REGISTERED,UNKNOWN,,
164,Chromafenozide,REGISTERED,UNKNOWN,,Chromafenozide 80%WP
165,Cinmethylin,REGISTERED,UNKNOWN,,Cinmethylin10% EC
166,Clethodim,REGISTERED,UNKNOWN,,Clethodim 13% w/w EC | Clethodim 25% EC
167,Clodinafop-Propargyl,REGISTERED,UNKNOWN,,Clodinafop-propargyl 15% DF | Clodinafop-propargyl 15% WP
168,Clomazone,REGISTERED,UNKNOWN,,"Clomazone 50% EC | Clomazone 20% + 2,4-DEthyl Ester 30%EC | Clomazone22.5%+Metribuzin 21%WP"
169,Clothianidin,REGISTERED,UNKNOWN,,Clothianidin 0.5% GR | Clothianidin 50% WDG | Clothianidin 10% + Chlorantraniliprole 6% WG | Clothianidin 3.5% + Pyriproxyfen 8% SE
170,Copper Hydroxide,REGISTERED,UNKNOWN,,Copper Hydroxide 46.1% WG | Copper Hydroxide 53.8% DF | Copper Hydroxide 61.41% WG | Copper Hydroxide 77% WP
171,Copper Oxychloride,REGISTERED,UNKNOWN,,Copper Oxychloride 40% paste | Copper Oxychloride 50% WP | Copper Oxychloride 50% WG | Copper Oxychloride 56% OP | Copper Oxychloride 47% + Metalaxyl 8% WP
172,Copper Sulphate,REGISTERED,UNKNOWN,,Copper Sulphate 2.62% SC | Copper Sulphate Pentahydrate 23.99 % | Copper Sulphate 47.15% + Mancozeb 30%WDG
173,Copper Sulphate Pentahydrate,REGISTERED,UNKNOWN,,
174,Coumachlor,REGISTERED,UNKNOWN,,
175,Coumatetralyl,REGISTERED,UNKNOWN,,Coumatetralyl 0.037% Bait | Coumatetralyl 0.75% Gel
176,Cuprous Oxide,REGISTERED,UNKNOWN,,
177,Cyantraniliprole,REGISTERED,UNKNOWN,,Cyantraniliprole 10.26% OD | Cyantraniliprole 28.30% OD | Cyantraniliprole 18.41% w/w SC | Cyantraniliprole 48% w/w FS | Cyantraniliprole 16.9% + Lufenuron 16.9% SC | Cyantraniliprole 7.3% + Diafenthiuron 36.4% SC | Cyantraniliprole 10 % + Pymetrozine 50 % WG | Cyantraniliprole 19.8% + Thiamethoxam 19.8% FS
178,Cyazofamid,REGISTERED,UNKNOWN,,Cyazofamid 34.5% SC | Cyazofamid 25% + Pyraclostrobin 18% w/v SC | Cyazofamid 6.2% + Mancozeb 60.8% WP
179,Cyclanilide,REGISTERED,UNKNOWN,,Cyclanilide 2.10% + MepiquatChloride 8.40% SC | Cyclanilide 2.10% w/w + Mepiquat Chloride 8.40% w/w SC
180,Cyclaniliprole,REGISTERED,UNKNOWN,,Cyclaniliprole 100 DC | Cyclaniliprole 7.4 % SL
181,Cyclobutrifluram,REGISTERED,UNKNOWN,,Cyclobutrifluram 41.6% FS | Cyclobutrifluram 38.4% SC
182,Cyenopyrafen,REGISTERED,UNKNOWN,,Cyenopyrafen 30% SC
183,Cyflufenamide,REGISTERED,UNKNOWN,,Cyflufenamide 5% EW
184,Cyflumetofen,REGISTERED,UNKNOWN,,Cyflumetofen 20% SC
185,Cyfluthrin,REGISTERED,UNKNOWN,,Cyfluthrin 05% EW | Cyfluthrin 10% WP | Cyfluthrin 0.025% + Tranfluthrin 0.04% Aerosol
186,Cyhalofop-Butyl,REGISTERED,UNKNOWN,,Cyhalofop-butyl 10% EC
187,Cymoxanil,REGISTERED,UNKNOWN,,Cymoxanil 50% WP | Cymoxanil 8%+Mancozeb 64%WP
188,Cyphenothrin,REGISTERED,UNKNOWN,,Cyphenothrin 7.2% VP w/w
189,Cyproconazole,REGISTERED,UNKNOWN,,Cyproconazole 12.5% + Tebuconazole 12.5% w/w SC
190,Cyzofamide,REGISTERED,UNKNOWN,,
191,Deltamethrin,REGISTERED,UNKNOWN,,
192,Diafenthiuron,REGISTERED,UNKNOWN,,Diafenthiuron 47.80% SC | Diafenthiuron 50% WP | Diafenthiuron 30% + Pyriproxyfen 8% SE | Diafenthiuron 40% + Spinetoram 5% SC | Diafenthiuron 47.0% + Bifenthrin 9.4% SC | Diafenthiuron 48.0% + Dinotefuran 8.0% WG | Diafenthiuron 18% + Fipronil 8% + Dinotefuran 5% SC | Diafenthiuron 12% + Fipronil 8% + Tolfenpyrad 5% SC
193,Dicamba,REGISTERED,UNKNOWN,,Dicamba 48% SL
194,Dichloro Diphenyl Trichloroethane,REGISTERED,UNKNOWN,,
195,Dichloropropene And Dichloropropane Mixture,REGISTERED,UNKNOWN,,
196,Diclofop-Methyl,REGISTERED,UNKNOWN,,Diclofop-methyl 28% EC
197,Diclosulam,REGISTERED,UNKNOWN,,Diclosulam 84%WDG | Diclosulam 0.9% + Pendimethalin 35% SL
198,Difenoconazole,REGISTERED,UNKNOWN,,Difenoconazole 25% EC | Difenoconazole 3% WS | Difenoconazole 10% +Mancozeb 50%WDG | Difenoconazole 4% + Propineb 64% DF | Difenoconazole 6% + Validamycin 6% SC
199,Diflubenzuron,REGISTERED,UNKNOWN,Aquatic toxicity; banned in EU,Diflubenzuron 0.1% w/w Termite bait | Diflubenzuron 02% GR | Diflubenzuron 02% Tablets | Diflubenzuron 25% WP | Diflubenzuron 20% + Deltamethrin 2% SC
200,Diflufenican,REGISTERED,UNKNOWN,,
201,Dimethomorph,REGISTERED,UNKNOWN,,Dimethomorph 50% WP | Dimethomorph 12%+Pyraclostrobin 6.7%WG
202,Dimethenamid-P,REGISTERED,UNKNOWN,,
203,Dimpropyridaz,REGISTERED,UNKNOWN,,Dimpropyridaz 120 g/L SL
204,Dinotefuron,REGISTERED,UNKNOWN,,
205,Dithianon,REGISTERED,UNKNOWN,,Dithianon 75% WP
206,Diuron,REGISTERED,UNKNOWN,Toxic to aquatic organisms; restricted in EU,Diuron 80%WP | Diuron 25.6% + Glyphosate 14.9% + Oxyfluorfen 11.5% SC
207,Dodine,REGISTERED,UNKNOWN,,Dodine 40% SC | Dodine 65% WP
208,D-Trans Allethrin,REGISTERED,UNKNOWN,,
209,Edifenphos,REGISTERED,UNKNOWN,,Edifenphos 50% EC
210,Emamectin Benzoate,REGISTERED,UNKNOWN,,Emamectin benzoate 1.1% + Diafenthiuron 30% SC | Emamectin benzoate 2.2% + Permethrin 15.3% SC | Emamectin benzoate 3.5% + Lambda cyhalothrin 5% WP | Emamectin benzoate 3.8% + Thiamethoxam 20% WDG | Emamectin Benzoate 1.25% + Lambda Cyhalothrin 1.5% + Bifenthrin 4.5% EC | Emamectin benzoate 1.9% + Chlorantraniliprole 5% + Deltamethrin 1% EC
211,Epoxyconazole,REGISTERED,UNKNOWN,,
212,Ethalfluralin,REGISTERED,UNKNOWN,,Ethalfluralin 35.65% EC
213,Ethephon,REGISTERED,UNKNOWN,,Ethephon 10% Paste | Ethephon 39% SL
214,Ethion,REGISTERED,UNKNOWN,,Ethion 50% EC | Ethion 40% + Cypermethrin 5% EC
215,Ethiprole,REGISTERED,UNKNOWN,,Ethiprole 10.7% + Pymetrozine 40% WG | Ethiprole 40% + Imidacloprid 40% WG
216,Ethofenprox,REGISTERED,UNKNOWN,,
217,Ethoxysulfuron,REGISTERED,UNKNOWN,,Ethoxysulfuron15% WDG
218,Ethylene Dichloride And Carbon Tetrachloride Mixture,REGISTERED,UNKNOWN,,
219,Etoxazole,REGISTERED,UNKNOWN,,Etoxazole10% SC | Etoxazole 6 % + Abamectin 1.5 % SC
220,Famoxadone,REGISTERED,UNKNOWN,,Famoxadone 16.6%+Cymoxanil 22.1%SC
221,Fenamidone,REGISTERED,UNKNOWN,,Fenamidone 10%+Mancozeb 50%WDG | Fenamidone 4.44% + Fosetyl-Al 66.66%WDG
222,Fenazaquin,REGISTERED,UNKNOWN,,Fenazaquin10% EC | Fenazaquin18.3% SC | Fenazaquin10% + Bifenthrin 4% EC
223,Fenmezoditiaz,REGISTERED,UNKNOWN,,Fenmezoditiaz 200 g/l SC | Fenmezoditiaz 10% WG
224,Fenobucarb,REGISTERED,UNKNOWN,,Fenobucarb
225,Fenoxanil,REGISTERED,UNKNOWN,,Fenoxanil 5%+ Isoprothiolane 30% EC
226,Fenoxaprop-P-Ethyl,REGISTERED,UNKNOWN,,Fenoxaprop-p-ethyl 10%EC | Fenoxaprop-p-ethyl 6.7%w/w EC | Fenoxaprop-p-ethyl 9%w/w DF | Fenoxaprop-p-ethyl 9.3%w/w EC | Fenoxaprop-p-ethyl 7.77%+ Metribuzin13.6% EC | Fenoxaprop-p-ethyl 6% + Chlorimuron ethyl 0.9% + Imazethapyr 10% SC
227,Fenpropathrin,REGISTERED,UNKNOWN,,Fenpropathrin 10% EC | Fenpropathrin 10% EW | Fenpropathrin 30% EC
228,Fenpyroximate,REGISTERED,UNKNOWN,,Fenpyroximate 05% EC | Fenpyroximate 05% SC
229,Fenvalerate,REGISTERED,UNKNOWN,,Fenvalerate 00.40% DP | Fenvalerate 02% Conc | Fenvalerate 20% EC
230,Fipronil,REGISTERED,UNKNOWN,,Fipronil 0.03% Gel | Fipronil 0.05% GEL | Fipronil 0.30% GR | Fipronil 0.60%w/w GR | Fipronil 0.6% WG | Fipronil 0.8% WG | Fipronil 2.92% EC | Fipronil 5% SC | Fipronil 18.87% w/w SC | Fipronil 80% WG | Fipronil 10% + Diafenthiuron 30% WG | Fipronil 12.5% + Lambda-cyhalothrin 5% ZC | Fipronil 15% + Deltamethrin 2.5% SC | Fipronil 15%+ Flonicamid 15% WDG | Fipronil 2.50% + Propargite 35.00% SE | Fipronil 4%+ Acetamiprid 4%w/w SC | Fipronil 4%+ Thiamethoxam 4%w/w SC | Fipronil 40%+ Imidacloprid 40% WG | Fipronil 15 % + Imidacloprid 5 % SC | Fipronil 5% + Buprofenzin 20% SC | Fipronil 15 % + Chlorantraniliprole 5 % SC | Fipronil 7% + Hexythiazox 2%w/w SC | Fipronil 8% + Pymetrozine 35% WG
231,Flazasulfuron,REGISTERED,UNKNOWN,,Flazasulfuron 10% WP
232,Flocoumafen,REGISTERED,UNKNOWN,,Flocoumafen 0.005% Block Bait
233,Flometoquin,REGISTERED,UNKNOWN,,Flometoquin 10% SC
234,Flonicamid,REGISTERED,UNKNOWN,,Flonicamid 50% WG | Flonicamid 11.7% + Diafenthiuron 36% WG | Flonicamid 20% + Fipronil 8% SC | Flonicamid 18% + Spirotetramat 13.5% SC | Flonicamid 20% + Chlorantraniliprole 8% + Abamectin 2% SC
235,Florasulam,REGISTERED,UNKNOWN,,
236,Florpyrauxifen-Benzyl,REGISTERED,UNKNOWN,,Florpyrauxifen-benzyl 2.7% EC | Florpyrauxifen-benzyl 1.31% +Penoxsulam 2.1%OD | Florpyrauxifen-benzyl 2.13% + Cyhalofop butyl 10.64% EC
237,Fluazifop-P-Butyl,REGISTERED,UNKNOWN,,Fluazifop-p-butyl 13.4% EC | Fluazifop-p-butyl 11.1%+Fomesafen 11.1%SL
238,Fluazaindolizine,REGISTERED,UNKNOWN,,Fluazaindolizine 41.15% SC
239,Flubendiamide,REGISTERED,UNKNOWN,,Flubendiamide 00.70% GR | Flubendiamide 20%WG | Flubendiamide 39.35% w/w SC | Flubendiamide19.92% + Thiacloprid19.92% SC | Flubendiamide 3.50% + Hexaconazole 5% WG | Flubendiamide 4%+ Buprofezin 20%SC | Flubendiamide 7.5%+ Kresoximmethyl 37.5% SC | Flubendiamide 8.33%+ Deltamethrin 5.56% SC | Flubendiamide 3.5%+Hexaconzole 5%WG | Flubendiamide 7.5%+Kresoxim methyl 37.5%SC
240,Flucetosulfuron,REGISTERED,UNKNOWN,,Flucetosulfuron10% WG
241,Fluchloralin,REGISTERED,UNKNOWN,,Fluchloralin 45%EC
242,Fludioxonil,REGISTERED,UNKNOWN,,Fludioxonil 20.4% SC
243,Fluensulfone,REGISTERED,UNKNOWN,,Fluensulfone 2% GR
244,Flufenacet,REGISTERED,UNKNOWN,,Flufenacet 60%DF
245,Flufenoxuron,REGISTERED,UNKNOWN,,Flufenoxuron 10% DC
246,Flufenzine,REGISTERED,UNKNOWN,,
247,Fluindapyr,REGISTERED,UNKNOWN,,Fluindapyr 20.9% + Flutriafol 20.9% SC
248,Flumioxazin,REGISTERED,UNKNOWN,,Flumioxazin 50%SC
249,Fluopicolide,REGISTERED,UNKNOWN,,Fluopicolide 5.56%+Propamocarbhydrochloride 55.6%SC | Fluopicolide 17.54% + Cymoxanil 21.05% SC
250,Fluopyram,REGISTERED,UNKNOWN,,Fluopyram 34.48 % w/w SC | Fluopyram 17.7%+Tebuconazole 17.7% SC | Fluopyram 21.37% + Trifloxystrobin 21.37% SC
251,Flupyradifurone,REGISTERED,UNKNOWN,,Flupyradifurone 17.09% w/w SL
252,Flupyrimin,REGISTERED,UNKNOWN,,Flupyrimin 10%SC | Flupyrimin 2%GR | Flupyrimin 41.32% FS
253,Flurochloridone,REGISTERED,UNKNOWN,,Flurochloridone18.3%CS
254,Fluroxypyr Meptyl,REGISTERED,UNKNOWN,,Fluroxypyr meptyl 48%w/v
255,Flusilazole,REGISTERED,UNKNOWN,,Flusilazole 40% EC
256,Fluthiacet Methyl,REGISTERED,UNKNOWN,,Fluthiacet methyl 10.3%EC
257,Flutriafol,REGISTERED,UNKNOWN,,
258,Fluvalinate,REGISTERED,UNKNOWN,,Fluvalinate 25% EC
259,Fluoxametamide,REGISTERED,UNKNOWN,,
260,Fluxapyroxad,REGISTERED,UNKNOWN,,Fluxapyroxad 333g/l FS | Fluxapyroxad 167g/L+Pyraclostrobin 333g/lSC | Fluxapyroxad 250g/l + Pyraclostrobin 250g/l SC | Fluxapyroxad 62.5g/l +Epoxiconazole 62.5g/l EC | Fluxapyroxad 75g/l +Difenoconazole 50g/l SC
261,Fluoxapiprolin,REGISTERED,UNKNOWN,,Fluoxapiprolin 1.9% SC
262,Fomesafen,REGISTERED,UNKNOWN,,Fomesafen 250 g/l | Fomesafen12%+ Quizalofop ethyl 3%SC | Fomesafen 12.5% + Fenoxaprop-p-Ethyl 10% + Chlorimuron Ethyl 0.9% ME | Fomesafen 12.5% + Quizalofop ethyl 4.68% EC | Fomesafen 16.8% + Propaquizafop 5.2% ME | Fomesafen 17.5% + Clodinafop-propargyl 12.5% ME
263,Forchlorfenuron,REGISTERED,UNKNOWN,,Forchlorfenuron | Forchlorfenuron 0.12% EC
264,Fosetyl-Al,REGISTERED,UNKNOWN,,Fosetyl-Al 80% WP
265,Gibberellic Acid,REGISTERED,UNKNOWN,,Gibberellic Acid 0.001% L | Gibberellic Acid 0.1% GR | Gibberellic Acid 0.186% SP | Gibberellic Acid 0.45% SL | Gibberellic Acid 40% WSG | Gibberellic Acid Technical 90 % w/w | Gibberellic acid 1.8% + 6-Benzyl Adenine 1.8% L
266,Glufosinate Ammonium,REGISTERED,UNKNOWN,,Glufosinate Ammonium13.5% SL | Glufosinate Ammonium 50% WG | Glufosinate ammonium 11.65% + Metolachlor 27.30% EW | Glufosinate ammonium 13.4% + Oxyfluorfen 4.8% w/w EW | Glufosinate ammonium 14.3% + Glyphosate
267,Glyphosate,REGISTERED,UNKNOWN,,
268,Glyphosate Ammonium Salt,REGISTERED,UNKNOWN,,Glyphosate Ammonium Salt 20% SL | Glyphosate Ammonium Salt 5%SL | Glyphosate Ammonium Salt 71%SG
269,Glyphosate Potassium Salt,REGISTERED,UNKNOWN,,Glyphosate potassium salt 41.60%
270,Gossyplure,REGISTERED,UNKNOWN,,
271,Halauxifen-Methyl,REGISTERED,UNKNOWN,,
272,Haloxyfop-R-Methyl,REGISTERED,UNKNOWN,,
273,Halosulfuron Methyl,REGISTERED,UNKNOWN,,Halosulfuron methyl 75%WG | Halosulfuron methyl 12%+Metribuzin55%WG | Halosulfuron methyl 6% + Metribuzin 50% WG | Halosulfuron methyl 5%+Atrazine48%WG
274,Hexaconazole,REGISTERED,UNKNOWN,,Hexaconazole 0.5% GR | Hexaconazole 2% SC | Hexaconazole 5% EC | Hexaconazole 5% SC | Hexaconazole 75% WG | Hexaconazole 4%+Carbendazim16%w/w SC | Hexaconazole 4%+ Zineb 68%WP | Hexaconazole 5%+Validamycin 2.5%SC
275,Hexazinone,REGISTERED,UNKNOWN,,Hexazinone13.2% + Diuron 46.8% WP
276,Hexythiazox,REGISTERED,UNKNOWN,,Hexythiazox 5.45% w/w EC | Hexythiazox 3.5 + Diafenthiuron 42% WDG
277,Hydrogen Cyanamide,REGISTERED,UNKNOWN,,
278,Imazamox,REGISTERED,UNKNOWN,,
279,Imazapyr,REGISTERED,UNKNOWN,,
280,Imazapic,REGISTERED,UNKNOWN,,Imazapic 17.5% + Imazapyr 52.5% WG
281,Imazethapyr,REGISTERED,UNKNOWN,,Imazethapyr 10%SL | Imazethapyr 10%SL+ Surfactant | Imazethapyr 70% WG + Surfactant | Imazethapyr 35%+Imazamox35%WG
282,Imazosulfuron,REGISTERED,UNKNOWN,,Imazosulfuron 1% + Pretilachlor 8% GR
283,Imidacloprid,REGISTERED,UNKNOWN,,Imidacloprid 0.03% w/w Gel | Imidacloprid 0.30% GR | Imidacloprid 2.15% w/w Gel | Imidacloprid 17.1%w/w SL | Imidacloprid 17.80% SL | Imidacloprid 30.50% m/m SC | Imidacloprid 48%FS | Imidacloprid 70% WG | Imidacloprid 70% WS | Imidacloprid 18.50% + Hexaconazole1.50% FS | Imidacloprid 20%+ Bifenthrin 8% SL | Imidacloprid 21% + Beta-cyfluthrin10.5% SC | Imidacloprid 6.0% + Lambdacyhalothrin 4.0% SL | Imidacloprid 18.5%+Hexaconzole1.5%FS
284,Imiprothrin,REGISTERED,UNKNOWN,,Imiprothrin 0.05% + Cypermethrin 1.0% CL | Imiprothrin 0.07% + Cypermethrin 0.20% Aerosol | Imiprothrin 0.1% + Cyphenothrin 0.15%
285,Indaziflam,REGISTERED,UNKNOWN,,Indaziflam1.65% + Glyphosate Isopropyl Ammonium 44.63%SC
286,Indoxacarb,REGISTERED,UNKNOWN,,Indoxacarb 14.50 % SC | Indoxacarb 15.80 % EC | Indoxacarb 10% + Thiamethoxam 10% WG | Indoxacarb 14.5% + Acetamiprid 7.7% SC | Indoxacarb 5% + Fipronil 5% SC | Indoxacarb 12%
287,Inpyrfluxam,REGISTERED,UNKNOWN,,Inpyrfluxam 6% + Tebuconazole 20% SC
288,Iodosulfuron Methyl Sodium,REGISTERED,UNKNOWN,,
289,Ipfencarbazone,REGISTERED,UNKNOWN,,Ipfencarbazone 25% SC
290,Ipflufenoqin,REGISTERED,UNKNOWN,,
291,Iprobenfos,REGISTERED,UNKNOWN,,Iprobenfos | Iprobenfos
292,Iprodione,REGISTERED,UNKNOWN,,Iprodione 50% WP
293,Iprovalicarb,REGISTERED,UNKNOWN,,Iprovalicarb 5.5% + Propineb 61.25%WP | Iprovalicarb 8.4% + copper oxychloride 68.2% w/w
294,Isocycloseram,REGISTERED,UNKNOWN,,Isocycloseram 9.2% w/w DC | Isocycloseram 18.1% SC
295,Isoprothiolane,REGISTERED,UNKNOWN,,Isoprothiolane 40% EC | Isoprothiolane 28% + Fipronil 5% EC | Isoprothiolane 28%+Fipronil 5% EC
296,Isoproturon,REGISTERED,UNKNOWN,,Isoproturon 50%WP | Isoproturon 75%WP
297,Isopyrazam,REGISTERED,UNKNOWN,,Isopyrazam 11.16% w/w + Azoxystrobin 17.86% w/w SC | Isopyrazam 11.5% w/w + Difenoconazole 11.5% w/w SC
298,Kasugamycin,REGISTERED,UNKNOWN,,Kasugamycin 3% SL | Kasugamycin 5% + Copper Oxychloride 45%WP | Kasugamycin 6% +Thiafluzamide 26% SC
299,Kresoxim Methyl,REGISTERED,UNKNOWN,,
300,Lambdacyhalothrin,REGISTERED,UNKNOWN,,
301,Lime Sulphur,REGISTERED,UNKNOWN,,Lime Sulphur 22% SC
302,Lufenuron,REGISTERED,UNKNOWN,,Lufenuron 4% + Emamectin Benzoate 1.5% EC | Lufenuron 20% + Chlorantraniliprole 10% + Pyriproxyfen 5% WG
303,Magnesium Phosphide Plates,REGISTERED,UNKNOWN,,
304,Mandipropamid,REGISTERED,UNKNOWN,,Mandipropamid 23.4% SC | Mandipropamid 5.0%+Mancozeb 60.0%WG
305,"Mcpa, Amine Salt",REGISTERED,UNKNOWN,,"MCPA, Amine salt 40%WSC"
306,Mefentrifluaconazole,REGISTERED,UNKNOWN,,Mefentrifluaconazole 133g/l + Fluxapyroxad 89g/l +Pyraclostrobin 178 g/l SC
307,Mepiquat Chloride,REGISTERED,UNKNOWN,,Mepiquat chloride 5% AS
308,Meptyldinocap,REGISTERED,UNKNOWN,,Meptyldinocap 35.7% EC
309,Mesosulfuron Methyl,REGISTERED,UNKNOWN,,Mesosulfuron methyl 3% +Iodosulfuronmethylsodium0.6% WG
310,Mesotrione,REGISTERED,UNKNOWN,,Mesotrione2.27%+Atrazine 22.7%SC
311,Metaflumizone,REGISTERED,UNKNOWN,,Metaflumizone 22%SC
312,Metalaxyl,REGISTERED,UNKNOWN,,Metalaxyl–M 31.8% ES | Metalaxyl 35% WS | Metalaxyl–M 3.3%+Chlorothalonil 33.1%SC | Metalaxyl-M 3.9%+Mancozeb 64%WG | Metalaxyl-M 8%+Mancozeb 64%WP | Metalaxyl-M 4%+Mancozeb 64%WP
313,Metalaxyl-M,REGISTERED,UNKNOWN,,
314,Metaldehyde,REGISTERED,UNKNOWN,,Metaldehyde 2.5%DP
315,Metamifop,REGISTERED,UNKNOWN,,Metamifop 10%EC | Metamifop 8% + Imazethapyr 4% + Imazamox 3% ME
316,Metamitron,REGISTERED,UNKNOWN,,Metamitron 70%SC
317,Metazosulfuron,REGISTERED,UNKNOWN,,
318,Metarhizium Anisopliae,REGISTERED,UNKNOWN,,Metarhizium anisopliae 1.5% AS | Metarhizium anisopliae 1.0%WP | Metarhizium anisopliae 1.15% WP | Metarhizium anisopliae 1.15% WP | Metarhizium anisopliae 10% GR | Metarhizium anisopliae 2% WP
319,Methabenzthiazuron,REGISTERED,UNKNOWN,,Methabenzthiazuron 70%WP
320,Methoxyfenozide,REGISTERED,UNKNOWN,,Methoxyfenozide 21.8%w/w SC | Methoxyfenozide 18% + Emamectin benzoate 1.8% SC | Methoxyfenozide 20 % + Chlorantraniliprole 5 % SC | Methoxyfenozide 5% + Chlorpyriphos 25% SE
321,Methyl Chlorophenoxy Acetic Acid,REGISTERED,UNKNOWN,,
322,Metiram,REGISTERED,UNKNOWN,,Metiram 70% WG | Metiram 44%+Dimethomorph 9%WG | Metiram 55%+Pyraclostrobin 5%WG
323,Metofluthrin,REGISTERED,UNKNOWN,,Metofluthrin 0.005% Mosquito coil | Metofluthrin 0.005% Mosquito coil | Metofluthrin 0.14% w/w Aerosol | Metofluthrin 0.32%LV
324,Metolachlor,REGISTERED,UNKNOWN,,Metolachlor 50%EC | Metolachlor 39.37% + Oxyfluorfen 3.94% EC | Metolachlor 35.98% + Sulfentrazone 11.51% EC
325,Metrafenone,REGISTERED,UNKNOWN,,Metrafenone 500 g/l SC
326,Metribuzin,REGISTERED,UNKNOWN,,"Metribuzin 70% WG | Metribuzin70% WP | MEtribuzine 21% + Pyroxasulfone 12.75% WG | Metribuzin 42% + Clodinafop propargyl 12%WG | Metribuzin 16.8% + 2,4-D sodium salt 56% WP"
327,Metsulfuron Methyl,REGISTERED,UNKNOWN,,Metsulfuron methyl 10%+Carfentrazone ethyl 40%DF | Metsulfuron methyl 10%+Chlorimuron ethyl 10%WP
328,Milbemectin,REGISTERED,UNKNOWN,,Milbemectin 01% EC
329,Myclobutanil,REGISTERED,UNKNOWN,,Myclobutanil 10% WP
330,Nitenpyram,REGISTERED,UNKNOWN,,Nitenpyram 15.0% + Fipronil 20.0% WP
331,Nitrobenzene,REGISTERED,UNKNOWN,,Nitrobenzene 20% w/w EW
332,Novaluron,REGISTERED,UNKNOWN,,Novaluron 08.80 %SC | Novaluron 10% EC | Novaluron 5.25% + Emamectin benzoate 0.9%w/w SC | Novaluron 5.25%+ Indoxacarb 4.5%SC | Novaluron 9.45% + Lambda cyhalothrin 1.9% ZC
333,Nuclear Polyhyderosis Virus Of Helicoverpaarmigera,REGISTERED,UNKNOWN,,
334,Nuclear Polyhyderosis Virus Of Spodopteralitura,REGISTERED,UNKNOWN,,
335,Orthosulfamuron,REGISTERED,UNKNOWN,,Orthosulfamuron 50%WG | Orthosulfamuron 0.6% + Pretilachlor 6% GR
336,Oxadiargyl,REGISTERED,UNKNOWN,,Oxadiargyl 6%EC | Oxadiargyl 80%WP | Oxadiargyl 1% + Pretilachlor 6% GR
337,Oxadiazon,REGISTERED,UNKNOWN,,Oxadiazon 25% EC
338,Oxathiapipron,REGISTERED,UNKNOWN,,Oxathiapipron 10.1% OD
339,Oxycarboxin,REGISTERED,UNKNOWN,,Oxycarboxin 20% EC
340,Oxydemeton-Methyl,REGISTERED,UNKNOWN,,Oxydemeton-methyl 25%EC
341,Paclobutrazol,REGISTERED,UNKNOWN,,Paclobutrazol 23% SC | Paclobutrazol 40% SC | Paclobutrazole 40% SC
342,Paraquat Dichloride,REGISTERED,UNKNOWN,,Paraquat dichloride 24% SL | Paraquat dichloride 7.50% + Glyphosate 30% SC | Paraquat dichloride 24% + Oxyfluorfen 5% SC | Paraquat dichloride 22.4% + Oxyfluorfen 1.99% EW
343,Penconazole,REGISTERED,UNKNOWN,,Penconazole 10% EC
344,Pencycuron,REGISTERED,UNKNOWN,,Pencycuron 22.9% SC
345,Pendimethalin,REGISTERED,UNKNOWN,Toxic to aquatic organisms; restricted in EU,Pendimethalin 30% EC | Pendimethalin 38.7% CS | Pendimethalin 5% Gr | Pendimethalin 30%+Imazethapyr 2% EC | Pendimethalin 35%+ Metribuzin 3.5%SE | Pendimethalin 38.4%+Pyrazosulfuron ethyl 0.85%ZC | Pendimethalin 15% + Pyrazosulfuron ethyl 0.15% GR | Pendimethalin 40%+ Metribuzin 8% EC | Pendimethalin 29.75% + Metribuzin 11.25% ZC
346,Penflufen,REGISTERED,UNKNOWN,,Penflufen 22.43% FS | Penflufen 13.28+Trifloxystrobin 13.28% FS
347,Penoxsulam,REGISTERED,UNKNOWN,,Penoxsulam 2.67% OD | Penoxsulam 21.7% SC | Penoxsulam 0.97%+ Butachlor 38.8% SE | Penoxsulam 1.02 %+ Cyhalofop-butyl 5.1% OD | Penoxsulam 1% + Pendimethalin 24% SE | Penoxsulam 2% + Oxadiazon 21% w/w SC
348,Permethrin,REGISTERED,UNKNOWN,,Permethrin 02.00% w/w for Import only | Permethrin 2.0% Aerosol | Permethrin 25% EC
349,Phenthoate,REGISTERED,UNKNOWN,,Phenthoate 2% DP | Phenthoate 50% EC | Phenthoate 45% + Cypermethrin 6% EC | Phenthoate 35% + Emamectin benzoate 3.5% EC
350,Phosalone,REGISTERED,UNKNOWN,,Phosalone 04 % DP | Phosalone 35 %EC
351,Phosmet,REGISTERED,UNKNOWN,,Phosmet50%WP
352,Picoxystrobin,REGISTERED,UNKNOWN,,Picoxystrobin 22.52% SC | Picoxystrobin 6.78%+Tricyclazole 20.33% SC | Picoxystrobin 7.05%+Propiconazole 11.7% SC
353,Picabutrazox,REGISTERED,UNKNOWN,,
354,Pinoxaden,REGISTERED,UNKNOWN,,Pinoxaden 5.1% EC
355,Polyoxin D Zinc Salt,REGISTERED,UNKNOWN,,Polyoxin D Zinc salt 5% SC
356,Prallethrin,REGISTERED,UNKNOWN,,Prallethrin 0.04% Mosquito coil | Prallethrin 0.04%Mosquitocoil | Prallethrin 0.04%Mosquitocoil | Prallethrin 0.5% Mosquitocoil | Prallethrin 0.8% Redmosquitomat | Prallethrin 0.8% Vaporizer | Prallethrin 1.2% Mat | Prallethrin 19% w/w VP
357,Pretilachlor,REGISTERED,UNKNOWN,,Pretilachlor 30.7% EC | Pretilachlor 37% EW | Pretilachlor 50% EC | Pretilachlor 27.4% w/w + Florpyrauxifen-benzyl 0.91% w/w EC | Pretilachlor 30.0% + Pyrazosulfuron Ethyl 0.75% WG | Pretilachlor 30.2% w/w + Florpyrauxifen-Benzyl 1.01% w/w EW | Pretilachlor 6%+Pyrazosulfuron Ethyl 0.15% | Pretilachlor 6.0%+Pyrazosulfuron Ethyl 0.15% GR | Pretilachlor 30.2% + Florpyrauxifen benzyl 1.01% EW
358,Primiphos-Methyl,REGISTERED,UNKNOWN,,
359,Prochloraz,REGISTERED,UNKNOWN,,Prochloraz 39.6% EC | Prochloraz 23.5%+Tricyclazole 20% SE | Prochloraz 24.4%+Tebuconazole 12.1%EW | Prochloraz 34.8%+Propiconazole 7.8%EC | Prochloraz 5.7%+Tebuconazole 1.4%ES
360,Profenophos,REGISTERED,UNKNOWN,,
361,Prohexadione Calcium,REGISTERED,UNKNOWN,,
362,Propamocarb Hydrochloride,REGISTERED,UNKNOWN,,
363,Propanil,REGISTERED,UNKNOWN,,Propanil 35% EC | Propanil 80% DF | Propanil 60% + Propyrisulfuron 2% WG
364,Propaquizafop,REGISTERED,UNKNOWN,,Propaquizafop10% EC | Propaquizafop 2.5%+ Imazethapyr 3.75% w/w ME | Propaquizafop 5%+ Oxyfluorfen12% w/w EC
365,Propergite,REGISTERED,UNKNOWN,,
366,Propetamphos,REGISTERED,UNKNOWN,,Propetamphos 1% Spray
367,Propiconazole,REGISTERED,UNKNOWN,,Propiconazole 25% EC | Propiconazole 10.7%+Tricyclazole 34.2%SE | Propiconazole 13.9%+Difenoconazole 13.9%EC | Propiconazole 10% + Thiophanate methyl 42% WP
368,Propineb,REGISTERED,UNKNOWN,,Propineb 70% WP | Propineb 54.2%+Tricyclazole 15.0%WP | Propineb 70.0% + Cymoxanil 6.0% WP
369,Propoxur,REGISTERED,UNKNOWN,,Propoxur 01% Spray | Propoxur 02% Bait | Propoxur 20% EC | Propoxur 0.5% + Cyfluthrin 0.025% Spray | Propoxur 0.75% + Cyfluthrin 0.025% Aerosol
370,Propyrisulfuron,REGISTERED,UNKNOWN,,
371,Pseudomonas Fluorescens,REGISTERED,UNKNOWN,,Pseudomonas fluorescens 1.0% WP | Pseudomonas fluorescens 1.5% AS | Pseudomonas fluorescens 5% SP | Pseudomonas fluorescens0.5% W.P | Pseudomonas fluorescens1.0% W.P | Pseudomonas fluorescens 1.0% W.P | Pseudomonas fluorescens 1.15% A.S | Pseudomonas fluorescens 1.5% WP | Pseudomonas fluorescens 1.75% WP | Pseudomonas fluorescens 2.0% A.S
372,Pydiflumetofen,REGISTERED,UNKNOWN,,Pydiflumetofen 6.89% + Difenoconazole 11.49% SC | Pydiflumetofen 13.6% + Propiconazole 11.4% SE
373,Pymetrozin,REGISTERED,UNKNOWN,,Pymetrozine 50% WG | Pymetrozine 14.8% + Fipronil 7.5% + Dinotefuran 4.8% SC | Pymetrozine 29.2% w/w + Dinotefuran 11.7% w/w WDG | Pymetrozine 11.3% + Triflumezopyrim 1.9% SC | Pymetrozine 11.3% w/w + Triflumezopyrim 1.9% w/w SC | Pymetrozine 25.0% + Thiamethoxam 17.5% + Hexaconazole 12.5% WG | Pymetrozine 29.2% w/w + Dinotefuran 11.7% w/w WDG | Pymetrozine 30 % + Tebuconazole 37 % WG | Pymetrozine 30% + Dinotefuran 10% + Pyraclostrobin 20% WG
374,Pyraflufen Ethyl,REGISTERED,UNKNOWN,,
375,Pyraclostrobin,REGISTERED,UNKNOWN,,Pyraclostrobin 100g/l CS | Pyraclostrobin 20% WG | Pyraclostrobin 133g/l+Epoxiconazole 50g/l | Pyraclostrobin 10% + Thifluzamide 10% SC | Pyraclostrobin 75 g/l + Tricyclazole 150 g/l ZC | Pyraclostrobin 10% + Metiram 30% + Difenconazole 10% WG | Pyraclostrobin 3.5% + Thiram 15% + Clothianidin 22.5% FS | Pyraclostrobin 10% + Fipronil 5% SC
376,Pyrazosulfuron Ethyl,REGISTERED,UNKNOWN,,
377,Pyrethrin,REGISTERED,UNKNOWN,,
378,Pyribenzoxim,REGISTERED,UNKNOWN,,Pyribenzoxim 05 % w/w EC | Pyribenzoxim 5 % w/w EC
379,Pyridaben,REGISTERED,UNKNOWN,,Pyridaben 20 % w/w WP
380,Pyridalyl,REGISTERED,UNKNOWN,,Pyridalyl 10% EC
381,Pyriofenone,REGISTERED,UNKNOWN,,Pyriofenone 18% w/v SC
382,Pyrifluquinazon,REGISTERED,UNKNOWN,,
383,Pyriftalid,REGISTERED,UNKNOWN,,Pyriftalid 31.0%w/w+ Bensulfuron methyl 15.7%w/w SC
384,Pyriproxyfen,REGISTERED,UNKNOWN,,Pyriproxyfen 0.50% GR | Pyriproxyfen10 % EC | Pyriproxyfen 10% EW | Pyriproxyfen 10% + Bifenthrin 10%EC | Pyriproxyfen 5% + Fenpropathrin 15%EC | Pyriproxyfen 5.0% + Diafenthiuron 25%SE | Pyriproxyfen 8% + Dinotefuran5% + Diafenthiuron18%SC
385,Pyrithiobac Sodium,REGISTERED,UNKNOWN,,Pyrithiobac Sodium 4.5 w/w % + Glyphosate 60% w/w SG | Pyrithiobac Sodium 6% + Quizalofop-ethyl 4% w/w EC | Pyrithiobac sodium 3.1% + Pendimethalin 34.0% ZC
386,Pyroxasulfon,REGISTERED,UNKNOWN,,Pyroxasulfone 85% WG | Pyroxasulfone 63.75% + Diclosulam 13% WG
387,Quinclorac,REGISTERED,UNKNOWN,,Quinclorac 250 g/l SC
388,Quizalofop Ethyl,REGISTERED,UNKNOWN,,Quizalofop ethyl 10%EC+Chlorimuronethyl 25%WP + Surfactant | Quizalofop ethyl 4%+Oxyfluorfen 6% EC | Quizalofop ethyl 7.5%+Imazethapyr 15%w/w EC | Quizalofop ethyl 8.8% + Oxyfluorfen 19% WG
389,Quizalofop-P-Tefuryl,REGISTERED,UNKNOWN,,
390,Renofluthrin,REGISTERED,UNKNOWN,,Renofluthrin 0.025% w/w Mosquito Coil | Renofluthrin 1.5% w/w Liquid Vaporiser | Renofluthrin 5% MUP
391,Saflufenacil,REGISTERED,UNKNOWN,,Saflufenacil 70.0% WG | Saflufenacil 68 g/l + Dimethenamid-P 600 g/l EC
392,S-Bioallethrin,REGISTERED,UNKNOWN,,S-Bioallethrin 2.4% Mat
393,Sedaxane,REGISTERED,UNKNOWN,,Sedaxane 12.61% + Azoxystrobin 3.15% + Thiamethoxam 22.6% FS | Sedaxane12.61%+Azoxystrobin3.15%+Thiamethoxam22.06%FS | Sedaxane 15.27% + Fludioxonil 7.64 + Metalaxyl-M 3.06% FS | Sedaxane 2.2% w/w + Fludioxonil 2.2% w/w+ Thiamethoxam 22.8%w/w FS | Sedaxane 2.36% w/w + Fludioxonil 2.36% w/w FS | Sedaxane 3.70% w/w + Fludioxonil 4.63% w/w FS
394,Sodium Acifluorfen,REGISTERED,UNKNOWN,,
395,Sodium Paranitrophinolate,REGISTERED,UNKNOWN,,
396,Spinetoram,REGISTERED,UNKNOWN,,Spinetoram 0.1% RB | Spinetoram 11.70%SC
397,Spinosad,REGISTERED,UNKNOWN,,Spinosad 2.50% SC | Spinosad 2.50% w/w GR | Spinosad 20.62% w/w EC | Spinosad 45%SC
398,Spiromesifen,REGISTERED,UNKNOWN,,Spiromesifen 22.90% SC | Spiromesifen 15% + Hexythiazox 2.2% + Abamectin 1.15% SC
399,Spiropidion,REGISTERED,UNKNOWN,,Spiropidion 9.6% + Abamectin 1.4% SC u/s | Spiropidion 30% w/w + Acetamiprid 24% w/w WG
400,Spirotetramat,REGISTERED,UNKNOWN,,Spirotetramat 15.31%w/w OD | Spirotetramat 11.01% + Imidacloprid 11.01% SC
401,Streptomycin,REGISTERED,UNKNOWN,,Streptomycin + Tetracycline | Streptomycin + Tetracycline
402,Sulfentrazone,REGISTERED,UNKNOWN,,Sulfentrazone 39.6% SC | Sulfentrazone 28%+ Clomazone 30% WP
403,Sulfosulfuron,REGISTERED,UNKNOWN,Incomplete crop safety data,Sulfosulfuron 75% WG | Sulfosulfuron 75%+Metsulfuron Methyl 5%WG
404,Sulfoxaflor,REGISTERED,UNKNOWN,,Sulfoxaflor 11.4%w/w SC | Sulfoxaflor 21.8%w/w SC | Sulfoxaflor 50% WG | Sulfoxaflor 7.5% + Buprofezin 15% SC
405,Sulphur,REGISTERED,UNKNOWN,,Sulphur 40% SC | Sulphur 52% Flowable | Sulphur 55.16% SC | Sulphur 80% WG | Sulphur 80% WP | Sulphur 85% DP | Sulphur 58.5% w/w | Sulphur 50% + Propineb 25% DF
406,Tebuconazole,REGISTERED,UNKNOWN,,Tebuconazole 2% DS | Tebuconazole 25% WG | Tebuconazole 25.9% EC | Tebuconazole 38.39% SC | Tebuconazole 5.36% FS | Tebuconazole 5.4% | Tebuconazole10% +Sulphur65%WG | Tebuconazole15%+Zineb57%WDG | Tebuconazole 50% + Trifloxystrobin 25%WG | Tebuconazole 6.7% +Captan 26.9% SC
407,Tebufenozide,REGISTERED,UNKNOWN,,Tebufenozide 22.64% w/w
408,Tebufenpyrad,REGISTERED,UNKNOWN,,Tebufenpyrad 20% WP
409,Teflubenzuron,REGISTERED,UNKNOWN,,
410,Tembotrione,REGISTERED,UNKNOWN,,Tembotrione 34.4% SC | Tembotrione 9% + Atrazine 45% WG
411,Temephos,REGISTERED,UNKNOWN,,Temephos 50 % EC
412,Tetraconazole,REGISTERED,UNKNOWN,,Tetraconazole 11.6% w/w | Tetraconazole 3.8% EW
413,Tetracycline,REGISTERED,UNKNOWN,,
414,Tetraniliprole,REGISTERED,UNKNOWN,,Tetraniliprole 18.18 %w/w SC | Tetraniliprole 40.34%FS | Tetraniliprole 10.08 % + Thiacloprid 30.25 % SC | Tetraniliprole 10.81% + Spirotetramat 21.62% SC
415,Thiacloprid,REGISTERED,UNKNOWN,,Thiacloprid 21.70% SC
416,Thifluzamide,REGISTERED,UNKNOWN,,Thifluzamide 24% SC | Thifluzamide 9% + Difenoconazole 6% + Validamycin 3% SC
417,Thiobencarb,REGISTERED,UNKNOWN,,
418,Thiocyclam Hydrogen Oxalate,REGISTERED,UNKNOWN,,Thiocyclam Hydrogen Oxalate 50% SP | Thiocyclam hydrogen oxalate 3.0% + Clothianidin 1.2% GR
419,Thiodicarb,REGISTERED,UNKNOWN,Related to banned Methomyl; banned in EU,Thiodicarb 75% WP
420,Thiomethoxam,REGISTERED,UNKNOWN,,
421,Thiophanate-Methyl,REGISTERED,UNKNOWN,,Thiophanate-methyl 41.7% SC | Thiophanate-methyl 70% WG | Thiophanate-methyl 70% WP
422,Thiram,REGISTERED,UNKNOWN,"Reproductive toxicity, fungicide resistance; banned in EU",Thiram 40% FS | Thiram 75% WS | Thiram 80% WP
423,Tolfenpyrad,REGISTERED,UNKNOWN,,Tolfenpyrad 15% EC | Tolfenpyrad 15% + Bifenthrin 7.5% SE | Tolfenpyrad 30% + Pyriproxyfen 10% + Acetamiprid 4% EC
424,Topramezone,REGISTERED,UNKNOWN,,Topramezone 336g/l w/v SC | Topramezone 10g/l +Atrazine 300g/l SC | Topramezone 32 g/l + Dimethenamid-p 538 g/l EC
425,Transfluthrin,REGISTERED,UNKNOWN,,Transfluthrin 0.15% Mosquito coil | Transfluthrin 0.03% Mos.Coil | Transfluthrin 0.08% Aerosol | Transfluthrin 0.88% Liquid Vaporiser | Transfluthrin 1%EU | Transfluthrin 1.2%LV | Transfluthrin 1.6%LV | Transfluthrin 12.0%AE | Transfluthrin 20% MV Gel | Transfluthrin1.0% + Cypermethrin 0.25% Spray
426,Triacontanol,REGISTERED,UNKNOWN,,Triacontanol 0.05% EC | Triacontanol 0.05% w/w min. GR | Triacontanol 0.1% EW | Triacontanol l80 g/ L + Pyraclostrobin 40 g/L FS
427,Triadimefon,REGISTERED,UNKNOWN,,Triadimefon 25% WP
428,Triafamone,REGISTERED,UNKNOWN,,Triafamone 18.52% SC | Triafamone 20%+ Ethoxysulfuron l0%WG
429,Triallate,REGISTERED,UNKNOWN,,Triallate 50% EC
430,Triasulfuron,REGISTERED,UNKNOWN,,Triasulfuron 20% WG
431,Tribasic Copper Sulfate,REGISTERED,UNKNOWN,,
432,Trichoderma Harzianum,REGISTERED,UNKNOWN,,Trichoderma harzianum 1.0% WP | Trichoderma harzianum 1.5% WP | Trichoderma harzianum 1.5% AS | Trichoderma harzianum 0.5% WS | Trichoderma harzianum 1.0% WP | Trichoderma harzianum 1.0% W.P | Trichoderma harzianum 2.0% A.S | Trichoderma harzianum 20% SC | Trichoderma harzianum 2.0% WP | Trichoderma harzianum 5.0% SC | Trichoderma harzianum 5.0% WP
433,Trichoderma Viride,REGISTERED,UNKNOWN,,Trichoderma viride 1.5% AS | Trichoderma viride 1.5% WP | Trichoderma viride 5% SP | Trichoderma viride 0.50% W.P | Trichoderma viride 1.0 % AS | Trichoderma viride 1.0% W.P | Trichoderma viride 1.00% W.P | Trichoderma viride1.00% W.P | Trichoderma viride1.5% LF | Trichoderma viride 1.5% W.P | Trichoderma viride 2% W.P | Trichoderma viride 5% LF
434,Tricyclazole,REGISTERED,UNKNOWN,,Tricyclazole 70% WG | Tricyclazole 75% WP | Tricyclazole 18% + Mancozeb 62%WP | Tricyclazole1 8.0+Tebuconazole 14.4%SC | Tricyclazole 20.4%+Azoxystrobin 6.8%SC | Tricyclazole 45%+Hexaconazole 10%WG
435,Trifloxystrobin,REGISTERED,UNKNOWN,,Trifloxystrobin 25% + Hexaconazole 25% WG | Trifloxystrobin 10% + Difenoconazole 12.5% + Sulphur 3% SC
436,Trifloxysulfuron Sodium,REGISTERED,UNKNOWN,,
437,Triflumezopyrim,REGISTERED,UNKNOWN,,Triflumezopyrim 10.6% SC | Triflumezopyrim 20% WG | Triflumezopyrim 0.45% + Chlorantraniliprole 0.5% GR | Triflumezopyrim 10% w/w + Spinetoram 12% w/w WG | Triflumezopyrim 4.79% w/w + Spinetoram 8.62 % w/w SC
438,Triflumizole,REGISTERED,UNKNOWN,,Triflumizole 42.14%w/w SC | Triflumizole 15% EC u/s 9
439,Triticonazole,REGISTERED,UNKNOWN,,Triticonazole 80 g/l + Pyraclostrobin 40% g/l FS
440,Oxathiapiprolin,REGISTERED,UNKNOWN,,Oxathiapiprolin 1.4% + Azoxystrobin 14.46% SC | Oxathiapiprolin 0.6% w/w + Mancozeb 60 % w/w WG | Oxathiapiprolin 2.77% + Mandipropamid 23.08% SC | Oxathiapiprolin 4.61% w/w + Amisulbrom 23.08% w/w SE
441,Validamycin,REGISTERED,UNKNOWN,,Validamycin 3%L | Validamycin 5% + Tebuconazole 15% SC | Validamycin 2.8% + Propiconazole 6% EW
442,Valifenalate,REGISTERED,UNKNOWN,,Valifenalate 6%+Mancozeb 60%WG
443,Verticillium Lecanii,REGISTERED,UNKNOWN,,Verticillium lecanii 1.15% WP | Verticillium Lecanii 1.50% Liquid Formulation | Verticillium lecanii 3.0% AS | Verticillium lecanii 5.0% SC
444,Verticillium Chlamydosporium,REGISTERED,UNKNOWN,,Verticillium chlamydosporium 1.0%WP
445,Zinc Phosphide,REGISTERED,UNKNOWN,,Zinc Phosphide 01%bait | Zinc Phosphide 80%Powder
446,Zineb,REGISTERED,UNKNOWN,Fungicide resistance; incomplete data,Zineb 75%WP | Zineb 80%WP
447,Ziram,REGISTERED,UNKNOWN,,Ziram 27%SC | Ziram 80% WP
448,Zoxamide,REGISTERED,UNKNOWN,,Zoxamide 33% + Cymoxanil 33% WP
